contact,duration
cellular,263.5278457772338
telephone,249.17382345120978
