duration_bin,y
"(-0.001, 59.0]",0.00023917723032767282
"(59.0, 89.0]",0.010221060137865463
"(89.0, 116.0]",0.026837220968146475
"(116.0, 146.0]",0.0378131021194605
"(146.0, 180.0]",0.061273336524652944
"(180.0, 222.0]",0.08447265625
"(222.0, 280.0]",0.11398325947808961
"(280.0, 368.0]",0.1350231537899098
"(368.0, 551.0]",0.20009713453132588
"(551.0, 4918.0]",0.46028265107212474
