job,y
admin.,0.12972558050278257
blue-collar,0.06894315971471796
entrepreneur,0.08516483516483517
housemaid,0.1
management,0.1121751025991792
retired,0.25232558139534883
self-employed,0.10485573539760731
services,0.08138070042831948
student,0.3142857142857143
technician,0.10826041821147857
unemployed,0.14201183431952663
unknown,0.11212121212121212
