Model,Accuracy,Precision,Recall,F1,AUC
Logistic Regression,0.911952739338027,0.6743119266055045,0.4224137931034483,0.519434628975265,0.9382647766404075
Naive Bayes,0.7568989236869791,0.29237506439979394,0.8153735632183908,0.4304133485020857,0.8454296520800247
KNN,0.9011086833373796,0.614247311827957,0.32830459770114945,0.42790262172284643,0.8190791232290832
Decision Tree,0.8900218499635834,0.511482254697286,0.5280172413793104,0.5196182396606575,0.7319976767772066
Random Forest,0.9153516225621106,0.6733466933867736,0.4827586206896552,0.5623430962343097,0.9451459319359928
XGBoost,0.9163227320547058,0.6575704225352113,0.5366379310344828,0.5909810126582279,0.9493650774931731
